Geo_FIPS,Geo_QName,Geo_FILEID,Geo_STUSAB,Geo_SUMLEV,Geo_GEOCOMP,Geo_LOGRECNO,Geo_US,Geo_REGION,Geo_DIVISION,Geo_STATECE,Geo_STATE,Geo_COUNTY,Geo_COUSUB,Geo_PLACE,Geo_TRACT,Geo_BLKGRP,Geo_CONCIT,Geo_AIANHH,Geo_AIANHHFP,Geo_AIHHTLI,Geo_AITSCE,Geo_AITS,Geo_ANRC,Geo_CBSA,Geo_CSA,Geo_METDIV,Geo_MACC,Geo_MEMI,Geo_NECTA,Geo_CNECTA,Geo_NECTADIV,Geo_UA,Geo_UACP,Geo_CDCURR,Geo_SLDU,Geo_SLDL,Geo_VTD,Geo_ZCTA3,Geo_ZCTA5,Geo_SUBMCD,Geo_SDELM,Geo_SDSEC,Geo_SDUNI,Geo_UR,Geo_PCI,Geo_TAZ,Geo_UGA,Geo_PUMA5,Geo_PUMA1,Geo_GEOID,Geo_NAME,Geo_BTTR,Geo_BTBG,Geo_PLACESE,SE_A00002_001,SE_A00002_002,SE_A00002_003
6075010101,"Census Tract 101.01, San Francisco County, California",ACSSF,ca,140,0,9875,,,,,6,75,,,10101,,,,,,,,,,,,,,,,,,,,,,,,,,,,,,,,,,,14000US06075010101,Census Tract 101.01,,,,2118,7871.039,0.269087733
6075010102,"Census Tract 101.02, San Francisco County, California",ACSSF,ca,140,0,9876,,,,,6,75,,,10102,,,,,,,,,,,,,,,,,,,,,,,,,,,,,,,,,,,14000US06075010102,Census Tract 101.02,,,,1783,58046.52,0.030716745
6075010201,"Census Tract 102.01, San Francisco County, California",ACSSF,ca,140,0,9877,,,,,6,75,,,10201,,,,,,,,,,,,,,,,,,,,,,,,,,,,,,,,,,,14000US06075010201,Census Tract 102.01,,,,2499,34635.18,0.072152072
6075010202,"Census Tract 102.02, San Francisco County, California",ACSSF,ca,140,0,9878,,,,,6,75,,,10202,,,,,,,,,,,,,,,,,,,,,,,,,,,,,,,,,,,14000US06075010202,Census Tract 102.02,,,,1891,14740.73,0.128283992
6075010300,"Census Tract 103, San Francisco County, California",ACSSF,ca,140,0,9879,,,,,6,75,,,10300,,,,,,,,,,,,,,,,,,,,,,,,,,,,,,,,,,,14000US06075010300,Census Tract 103,,,,3996,38580.31,0.103576156
6075010401,"Census Tract 104.01, San Francisco County, California",ACSSF,ca,140,0,9880,,,,,6,75,,,10401,,,,,,,,,,,,,,,,,,,,,,,,,,,,,,,,,,,14000US06075010401,Census Tract 104.01,,,,2202,40096.98,0.054916857
6075010402,"Census Tract 104.02, San Francisco County, California",ACSSF,ca,140,0,9881,,,,,6,75,,,10402,,,,,,,,,,,,,,,,,,,,,,,,,,,,,,,,,,,14000US06075010402,Census Tract 104.02,,,,2292,30676.72,0.074714632
6075010500,"Census Tract 105, San Francisco County, California",ACSSF,ca,140,0,9882,,,,,6,75,,,10500,,,,,,,,,,,,,,,,,,,,,,,,,,,,,,,,,,,14000US06075010500,Census Tract 105,,,,3430,12995.31,0.263941377
6075010600,"Census Tract 106, San Francisco County, California",ACSSF,ca,140,0,9883,,,,,6,75,,,10600,,,,,,,,,,,,,,,,,,,,,,,,,,,,,,,,,,,14000US06075010600,Census Tract 106,,,,3277,45333.05,0.072287208
6075010701,"Census Tract 107.01, San Francisco County, California",ACSSF,ca,140,0,9884,,,,,6,75,,,10701,,,,,,,,,,,,,,,,,,,,,,,,,,,,,,,,,,,14000US06075010701,Census Tract 107.01,,,,3458,91423.16,0.037824113
6075010702,"Census Tract 107.02, San Francisco County, California",ACSSF,ca,140,0,9885,,,,,6,75,,,10702,,,,,,,,,,,,,,,,,,,,,,,,,,,,,,,,,,,14000US06075010702,Census Tract 107.02,,,,1584,48149.63,0.03289745
6075010800,"Census Tract 108, San Francisco County, California",ACSSF,ca,140,0,9886,,,,,6,75,,,10800,,,,,,,,,,,,,,,,,,,,,,,,,,,,,,,,,,,14000US06075010800,Census Tract 108,,,,4999,57270.91,0.087286891
6075010901,"Census Tract 109.01, San Francisco County, California",ACSSF,ca,140,0,9887,,,,,6,75,,,10901,,,,,,,,,,,,,,,,,,,,,,,,,,,,,,,,,,,14000US06075010901,Census Tract 109.01,,,,1948,41049.38,0.047455046
6075010902,"Census Tract 109.02, San Francisco County, California",ACSSF,ca,140,0,9888,,,,,6,75,,,10902,,,,,,,,,,,,,,,,,,,,,,,,,,,,,,,,,,,14000US06075010902,Census Tract 109.02,,,,2403,48722.32,0.049320306
6075011001,"Census Tract 110.01, San Francisco County, California",ACSSF,ca,140,0,9889,,,,,6,75,,,11001,,,,,,,,,,,,,,,,,,,,,,,,,,,,,,,,,,,14000US06075011001,Census Tract 110.01,,,,2628,57677.71,0.045563532
6075011002,"Census Tract 110.02, San Francisco County, California",ACSSF,ca,140,0,9890,,,,,6,75,,,11002,,,,,,,,,,,,,,,,,,,,,,,,,,,,,,,,,,,14000US06075011002,Census Tract 110.02,,,,2249,48071.99,0.046784001
6075011101,"Census Tract 111.01, San Francisco County, California",ACSSF,ca,140,0,9891,,,,,6,75,,,11101,,,,,,,,,,,,,,,,,,,,,,,,,,,,,,,,,,,14000US06075011101,Census Tract 111.01,,,,2528,53927.86,0.046877437
6075011102,"Census Tract 111.02, San Francisco County, California",ACSSF,ca,140,0,9892,,,,,6,75,,,11102,,,,,,,,,,,,,,,,,,,,,,,,,,,,,,,,,,,14000US06075011102,Census Tract 111.02,,,,2024,41706.86,0.048529182
6075011200,"Census Tract 112, San Francisco County, California",ACSSF,ca,140,0,9893,,,,,6,75,,,11200,,,,,,,,,,,,,,,,,,,,,,,,,,,,,,,,,,,14000US06075011200,Census Tract 112,,,,3120,45547.23,0.068500317
6075011300,"Census Tract 113, San Francisco County, California",ACSSF,ca,140,0,9894,,,,,6,75,,,11300,,,,,,,,,,,,,,,,,,,,,,,,,,,,,,,,,,,14000US06075011300,Census Tract 113,,,,2801,70915.91,0.03949748
6075011700,"Census Tract 117, San Francisco County, California",ACSSF,ca,140,0,9895,,,,,6,75,,,11700,,,,,,,,,,,,,,,,,,,,,,,,,,,,,,,,,,,14000US06075011700,Census Tract 117,,,,1800,8449.455,0.213031489
6075011800,"Census Tract 118, San Francisco County, California",ACSSF,ca,140,0,9896,,,,,6,75,,,11800,,,,,,,,,,,,,,,,,,,,,,,,,,,,,,,,,,,14000US06075011800,Census Tract 118,,,,1658,75917.55,0.021839483
6075011901,"Census Tract 119.01, San Francisco County, California",ACSSF,ca,140,0,9897,,,,,6,75,,,11901,,,,,,,,,,,,,,,,,,,,,,,,,,,,,,,,,,,14000US06075011901,Census Tract 119.01,,,,2298,95543.59,0.024051849
6075011902,"Census Tract 119.02, San Francisco County, California",ACSSF,ca,140,0,9898,,,,,6,75,,,11902,,,,,,,,,,,,,,,,,,,,,,,,,,,,,,,,,,,14000US06075011902,Census Tract 119.02,,,,2771,77126.55,0.035927966
6075012001,"Census Tract 120.01, San Francisco County, California",ACSSF,ca,140,0,9899,,,,,6,75,,,12001,,,,,,,,,,,,,,,,,,,,,,,,,,,,,,,,,,,14000US06075012001,Census Tract 120.01,,,,1834,75490.89,0.024294321
6075012002,"Census Tract 120.02, San Francisco County, California",ACSSF,ca,140,0,9900,,,,,6,75,,,12002,,,,,,,,,,,,,,,,,,,,,,,,,,,,,,,,,,,14000US06075012002,Census Tract 120.02,,,,2202,91533.11,0.024056868
6075012100,"Census Tract 121, San Francisco County, California",ACSSF,ca,140,0,9901,,,,,6,75,,,12100,,,,,,,,,,,,,,,,,,,,,,,,,,,,,,,,,,,14000US06075012100,Census Tract 121,,,,3846,80725.91,0.047642692
6075012202,"Census Tract 122.02, San Francisco County, California",ACSSF,ca,140,0,9902,,,,,6,75,,,12202,,,,,,,,,,,,,,,,,,,,,,,,,,,,,,,,,,,14000US06075012202,Census Tract 122.02,,,,2821,77164.88,0.036558084
6075012203,"Census Tract 122.03, San Francisco County, California",ACSSF,ca,140,0,9903,,,,,6,75,,,12203,,,,,,,,,,,,,,,,,,,,,,,,,,,,,,,,,,,14000US06075012203,Census Tract 122.03,,,,1834,103297.6,0.017754522
6075012204,"Census Tract 122.04, San Francisco County, California",ACSSF,ca,140,0,9904,,,,,6,75,,,12204,,,,,,,,,,,,,,,,,,,,,,,,,,,,,,,,,,,14000US06075012204,Census Tract 122.04,,,,2763,155348.7,0.017785797
6075012301,"Census Tract 123.01, San Francisco County, California",ACSSF,ca,140,0,9905,,,,,6,75,,,12301,,,,,,,,,,,,,,,,,,,,,,,,,,,,,,,,,,,14000US06075012301,Census Tract 123.01,,,,1887,53039.89,0.035576999
6075012302,"Census Tract 123.02, San Francisco County, California",ACSSF,ca,140,0,9906,,,,,6,75,,,12302,,,,,,,,,,,,,,,,,,,,,,,,,,,,,,,,,,,14000US06075012302,Census Tract 123.02,,,,2600,72679.45,0.035773525
6075012403,"Census Tract 124.03, San Francisco County, California",ACSSF,ca,140,0,9907,,,,,6,75,,,12403,,,,,,,,,,,,,,,,,,,,,,,,,,,,,,,,,,,14000US06075012403,Census Tract 124.03,,,,2591,145902.9,0.017758383
6075012404,"Census Tract 124.04, San Francisco County, California",ACSSF,ca,140,0,9908,,,,,6,75,,,12404,,,,,,,,,,,,,,,,,,,,,,,,,,,,,,,,,,,14000US06075012404,Census Tract 124.04,,,,2566,144545.4,0.017752206
6075012405,"Census Tract 124.05, San Francisco County, California",ACSSF,ca,140,0,9909,,,,,6,75,,,12405,,,,,,,,,,,,,,,,,,,,,,,,,,,,,,,,,,,14000US06075012405,Census Tract 124.05,,,,3817,33489.45,0.113976204
6075012406,"Census Tract 124.06, San Francisco County, California",ACSSF,ca,140,0,9910,,,,,6,75,,,12406,,,,,,,,,,,,,,,,,,,,,,,,,,,,,,,,,,,14000US06075012406,Census Tract 124.06,,,,1463,60312.81,0.024256869
6075012502,"Census Tract 125.02, San Francisco County, California",ACSSF,ca,140,0,9911,,,,,6,75,,,12502,,,,,,,,,,,,,,,,,,,,,,,,,,,,,,,,,,,14000US06075012502,Census Tract 125.02,,,,4371,184754.6,0.023658411
6075012503,"Census Tract 125.03, San Francisco County, California",ACSSF,ca,140,0,9912,,,,,6,75,,,12503,,,,,,,,,,,,,,,,,,,,,,,,,,,,,,,,,,,14000US06075012503,Census Tract 125.03,,,,3788,90069.17,0.042056566
6075012504,"Census Tract 125.04, San Francisco County, California",ACSSF,ca,140,0,9913,,,,,6,75,,,12504,,,,,,,,,,,,,,,,,,,,,,,,,,,,,,,,,,,14000US06075012504,Census Tract 125.04,,,,617,60772.87,0.010152557
6075012601,"Census Tract 126.01, San Francisco County, California",ACSSF,ca,140,0,9914,,,,,6,75,,,12601,,,,,,,,,,,,,,,,,,,,,,,,,,,,,,,,,,,14000US06075012601,Census Tract 126.01,,,,2241,34050.4,0.065814205
6075012602,"Census Tract 126.02, San Francisco County, California",ACSSF,ca,140,0,9915,,,,,6,75,,,12602,,,,,,,,,,,,,,,,,,,,,,,,,,,,,,,,,,,14000US06075012602,Census Tract 126.02,,,,2977,12485.96,0.238427746
6075012700,"Census Tract 127, San Francisco County, California",ACSSF,ca,140,0,9916,,,,,6,75,,,12700,,,,,,,,,,,,,,,,,,,,,,,,,,,,,,,,,,,14000US06075012700,Census Tract 127,,,,4046,23426.44,0.172710839
6075012801,"Census Tract 128.01, San Francisco County, California",ACSSF,ca,140,0,9917,,,,,6,75,,,12801,,,,,,,,,,,,,,,,,,,,,,,,,,,,,,,,,,,14000US06075012801,Census Tract 128.01,,,,2791,24238.69,0.115146479
6075012802,"Census Tract 128.02, San Francisco County, California",ACSSF,ca,140,0,9918,,,,,6,75,,,12802,,,,,,,,,,,,,,,,,,,,,,,,,,,,,,,,,,,14000US06075012802,Census Tract 128.02,,,,2012,26106.05,0.077070241
6075012901,"Census Tract 129.01, San Francisco County, California",ACSSF,ca,140,0,9919,,,,,6,75,,,12901,,,,,,,,,,,,,,,,,,,,,,,,,,,,,,,,,,,14000US06075012901,Census Tract 129.01,,,,2823,40422.92,0.069836617
6075012902,"Census Tract 129.02, San Francisco County, California",ACSSF,ca,140,0,9920,,,,,6,75,,,12902,,,,,,,,,,,,,,,,,,,,,,,,,,,,,,,,,,,14000US06075012902,Census Tract 129.02,,,,3545,26018.49,0.13624928
6075013001,"Census Tract 130.01, San Francisco County, California",ACSSF,ca,140,0,9921,,,,,6,75,,,13001,,,,,,,,,,,,,,,,,,,,,,,,,,,,,,,,,,,14000US06075013001,Census Tract 130.01,,,,1758,25092.58,0.070060556
6075013002,"Census Tract 130.02, San Francisco County, California",ACSSF,ca,140,0,9922,,,,,6,75,,,13002,,,,,,,,,,,,,,,,,,,,,,,,,,,,,,,,,,,14000US06075013002,Census Tract 130.02,,,,2800,39334.41,0.0711845
6075013101,"Census Tract 131.01, San Francisco County, California",ACSSF,ca,140,0,9923,,,,,6,75,,,13101,,,,,,,,,,,,,,,,,,,,,,,,,,,,,,,,,,,14000US06075013101,Census Tract 131.01,,,,4088,61190.6,0.066807645
6075013102,"Census Tract 131.02, San Francisco County, California",ACSSF,ca,140,0,9924,,,,,6,75,,,13102,,,,,,,,,,,,,,,,,,,,,,,,,,,,,,,,,,,14000US06075013102,Census Tract 131.02,,,,2951,32129.33,0.09184753
6075013200,"Census Tract 132, San Francisco County, California",ACSSF,ca,140,0,9925,,,,,6,75,,,13200,,,,,,,,,,,,,,,,,,,,,,,,,,,,,,,,,,,14000US06075013200,Census Tract 132,,,,4456,21111.28,0.21107202
6075013300,"Census Tract 133, San Francisco County, California",ACSSF,ca,140,0,9926,,,,,6,75,,,13300,,,,,,,,,,,,,,,,,,,,,,,,,,,,,,,,,,,14000US06075013300,Census Tract 133,,,,4483,19973.88,0.224443125
6075013401,"Census Tract 134.01, San Francisco County, California",ACSSF,ca,140,0,9927,,,,,6,75,,,13401,,,,,,,,,,,,,,,,,,,,,,,,,,,,,,,,,,,14000US06075013401,Census Tract 134.01,,,,1516,22073.43,0.068679855
6075013402,"Census Tract 134.02, San Francisco County, California",ACSSF,ca,140,0,9928,,,,,6,75,,,13402,,,,,,,,,,,,,,,,,,,,,,,,,,,,,,,,,,,14000US06075013402,Census Tract 134.02,,,,2239,32893.45,0.068068269
6075013500,"Census Tract 135, San Francisco County, California",ACSSF,ca,140,0,9929,,,,,6,75,,,13500,,,,,,,,,,,,,,,,,,,,,,,,,,,,,,,,,,,14000US06075013500,Census Tract 135,,,,2449,26969.87,0.090805054
6075015100,"Census Tract 151, San Francisco County, California",ACSSF,ca,140,0,9930,,,,,6,75,,,15100,,,,,,,,,,,,,,,,,,,,,,,,,,,,,,,,,,,14000US06075015100,Census Tract 151,,,,2817,42419.07,0.066408802
6075015201,"Census Tract 152.01, San Francisco County, California",ACSSF,ca,140,0,9931,,,,,6,75,,,15201,,,,,,,,,,,,,,,,,,,,,,,,,,,,,,,,,,,14000US06075015201,Census Tract 152.01,,,,1713,47686.94,0.035921788
6075015202,"Census Tract 152.02, San Francisco County, California",ACSSF,ca,140,0,9932,,,,,6,75,,,15202,,,,,,,,,,,,,,,,,,,,,,,,,,,,,,,,,,,14000US06075015202,Census Tract 152.02,,,,2277,31679.38,0.071876395
6075015300,"Census Tract 153, San Francisco County, California",ACSSF,ca,140,0,9933,,,,,6,75,,,15300,,,,,,,,,,,,,,,,,,,,,,,,,,,,,,,,,,,14000US06075015300,Census Tract 153,,,,2206,24445.87,0.090240186
6075015401,"Census Tract 154.01, San Francisco County, California",ACSSF,ca,140,0,9934,,,,,6,75,,,15401,,,,,,,,,,,,,,,,,,,,,,,,,,,,,,,,,,,14000US06075015401,Census Tract 154.01,,,,3349,22108.1,0.151482941
6075015402,"Census Tract 154.02, San Francisco County, California",ACSSF,ca,140,0,9935,,,,,6,75,,,15402,,,,,,,,,,,,,,,,,,,,,,,,,,,,,,,,,,,14000US06075015402,Census Tract 154.02,,,,2643,20923.97,0.126314485
6075015500,"Census Tract 155, San Francisco County, California",ACSSF,ca,140,0,9936,,,,,6,75,,,15500,,,,,,,,,,,,,,,,,,,,,,,,,,,,,,,,,,,14000US06075015500,Census Tract 155,,,,3666,30417.93,0.120521022
6075015600,"Census Tract 156, San Francisco County, California",ACSSF,ca,140,0,9937,,,,,6,75,,,15600,,,,,,,,,,,,,,,,,,,,,,,,,,,,,,,,,,,14000US06075015600,Census Tract 156,,,,2923,25756.16,0.113487398
6075015701,"Census Tract 157.01, San Francisco County, California",ACSSF,ca,140,0,9938,,,,,6,75,,,15701,,,,,,,,,,,,,,,,,,,,,,,,,,,,,,,,,,,14000US06075015701,Census Tract 157.01,,,,5327,28790.79,0.185024409
6075015702,"Census Tract 157.02, San Francisco County, California",ACSSF,ca,140,0,9939,,,,,6,75,,,15702,,,,,,,,,,,,,,,,,,,,,,,,,,,,,,,,,,,14000US06075015702,Census Tract 157.02,,,,3435,24888.4,0.138016083
6075015801,"Census Tract 158.01, San Francisco County, California",ACSSF,ca,140,0,9940,,,,,6,75,,,15801,,,,,,,,,,,,,,,,,,,,,,,,,,,,,,,,,,,14000US06075015801,Census Tract 158.01,,,,3406,25648.81,0.132793665
6075015802,"Census Tract 158.02, San Francisco County, California",ACSSF,ca,140,0,9941,,,,,6,75,,,15802,,,,,,,,,,,,,,,,,,,,,,,,,,,,,,,,,,,14000US06075015802,Census Tract 158.02,,,,3589,54441.28,0.065924244
6075015900,"Census Tract 159, San Francisco County, California",ACSSF,ca,140,0,9942,,,,,6,75,,,15900,,,,,,,,,,,,,,,,,,,,,,,,,,,,,,,,,,,14000US06075015900,Census Tract 159,,,,4829,42314.02,0.114122923
6075016000,"Census Tract 160, San Francisco County, California",ACSSF,ca,140,0,9943,,,,,6,75,,,16000,,,,,,,,,,,,,,,,,,,,,,,,,,,,,,,,,,,14000US06075016000,Census Tract 160,,,,2498,41072.04,0.060819973
6075016101,"Census Tract 161.01, San Francisco County, California",ACSSF,ca,140,0,9944,,,,,6,75,,,16101,,,,,,,,,,,,,,,,,,,,,,,,,,,,,,,,,,,14000US06075016101,Census Tract 161.01,,,,2295,48432.49,0.047385548
6075016102,"Census Tract 161.02, San Francisco County, California",ACSSF,ca,140,0,9945,,,,,6,75,,,16102,,,,,,,,,,,,,,,,,,,,,,,,,,,,,,,,,,,14000US06075016102,Census Tract 161.02,,,,2555,26881.5,0.095046772
6075016200,"Census Tract 162, San Francisco County, California",ACSSF,ca,140,0,9946,,,,,6,75,,,16200,,,,,,,,,,,,,,,,,,,,,,,,,,,,,,,,,,,14000US06075016200,Census Tract 162,,,,3365,31893.84,0.10550628
6075016300,"Census Tract 163, San Francisco County, California",ACSSF,ca,140,0,9947,,,,,6,75,,,16300,,,,,,,,,,,,,,,,,,,,,,,,,,,,,,,,,,,14000US06075016300,Census Tract 163,,,,4423,46592.52,0.094929397
6075016400,"Census Tract 164, San Francisco County, California",ACSSF,ca,140,0,9948,,,,,6,75,,,16400,,,,,,,,,,,,,,,,,,,,,,,,,,,,,,,,,,,14000US06075016400,Census Tract 164,,,,4262,35711.95,0.119343796
6075016500,"Census Tract 165, San Francisco County, California",ACSSF,ca,140,0,9949,,,,,6,75,,,16500,,,,,,,,,,,,,,,,,,,,,,,,,,,,,,,,,,,14000US06075016500,Census Tract 165,,,,5279,36908.34,0.143030006
6075016601,"Census Tract 166.01, San Francisco County, California",ACSSF,ca,140,0,9950,,,,,6,75,,,16601,,,,,,,,,,,,,,,,,,,,,,,,,,,,,,,,,,,14000US06075016601,Census Tract 166.01,,,,3180,40336.57,0.078836659
6075016602,"Census Tract 166.02, San Francisco County, California",ACSSF,ca,140,0,9951,,,,,6,75,,,16602,,,,,,,,,,,,,,,,,,,,,,,,,,,,,,,,,,,14000US06075016602,Census Tract 166.02,,,,2498,46551.28,0.053661252
6075016700,"Census Tract 167, San Francisco County, California",ACSSF,ca,140,0,9952,,,,,6,75,,,16700,,,,,,,,,,,,,,,,,,,,,,,,,,,,,,,,,,,14000US06075016700,Census Tract 167,,,,5427,28644.69,0.189459179
6075016801,"Census Tract 168.01, San Francisco County, California",ACSSF,ca,140,0,9953,,,,,6,75,,,16801,,,,,,,,,,,,,,,,,,,,,,,,,,,,,,,,,,,14000US06075016801,Census Tract 168.01,,,,4243,48510.68,0.08746527
6075016802,"Census Tract 168.02, San Francisco County, California",ACSSF,ca,140,0,9954,,,,,6,75,,,16802,,,,,,,,,,,,,,,,,,,,,,,,,,,,,,,,,,,14000US06075016802,Census Tract 168.02,,,,3709,44624.89,0.083115057
6075016900,"Census Tract 169, San Francisco County, California",ACSSF,ca,140,0,9955,,,,,6,75,,,16900,,,,,,,,,,,,,,,,,,,,,,,,,,,,,,,,,,,14000US06075016900,Census Tract 169,,,,3132,27517.45,0.113818674
6075017000,"Census Tract 170, San Francisco County, California",ACSSF,ca,140,0,9956,,,,,6,75,,,17000,,,,,,,,,,,,,,,,,,,,,,,,,,,,,,,,,,,14000US06075017000,Census Tract 170,,,,4375,24131.37,0.181299296
6075017101,"Census Tract 171.01, San Francisco County, California",ACSSF,ca,140,0,9957,,,,,6,75,,,17101,,,,,,,,,,,,,,,,,,,,,,,,,,,,,,,,,,,14000US06075017101,Census Tract 171.01,,,,4249,35118,0.120992066
6075017102,"Census Tract 171.02, San Francisco County, California",ACSSF,ca,140,0,9958,,,,,6,75,,,17102,,,,,,,,,,,,,,,,,,,,,,,,,,,,,,,,,,,14000US06075017102,Census Tract 171.02,,,,3671,32241.57,0.113859215
6075017602,"Census Tract 176.02, San Francisco County, California",ACSSF,ca,140,0,9959,,,,,6,75,,,17602,,,,,,,,,,,,,,,,,,,,,,,,,,,,,,,,,,,14000US06075017602,Census Tract 176.02,,,,3218,30504.46,0.105492767
6075017603,"Census Tract 176.03, San Francisco County, California",ACSSF,ca,140,0,9960,,,,,6,75,,,17603,,,,,,,,,,,,,,,,,,,,,,,,,,,,,,,,,,,14000US06075017603,Census Tract 176.03,,,,4509,46966.45,0.096004692
6075017604,"Census Tract 176.04, San Francisco County, California",ACSSF,ca,140,0,9961,,,,,6,75,,,17604,,,,,,,,,,,,,,,,,,,,,,,,,,,,,,,,,,,14000US06075017604,Census Tract 176.04,,,,2856,66210.81,0.043134949
6075017700,"Census Tract 177, San Francisco County, California",ACSSF,ca,140,0,9962,,,,,6,75,,,17700,,,,,,,,,,,,,,,,,,,,,,,,,,,,,,,,,,,14000US06075017700,Census Tract 177,,,,1989,5698.055,0.349066482
6075017801,"Census Tract 178.01, San Francisco County, California",ACSSF,ca,140,0,9963,,,,,6,75,,,17801,,,,,,,,,,,,,,,,,,,,,,,,,,,,,,,,,,,14000US06075017801,Census Tract 178.01,,,,3636,43995.11,0.082645557
6075017803,"Census Tract 178.03, San Francisco County, California",ACSSF,ca,140,0,9964,,,,,6,75,,,17803,,,,,,,,,,,,,,,,,,,,,,,,,,,,,,,,,,,14000US06075017803,Census Tract 178.03,,,,2507,34201.93,0.073299954
6075017804,"Census Tract 178.04, San Francisco County, California",ACSSF,ca,140,0,9965,,,,,6,75,,,17804,,,,,,,,,,,,,,,,,,,,,,,,,,,,,,,,,,,14000US06075017804,Census Tract 178.04,,,,4474,36178.6,0.12366428
6075017903,"Census Tract 179.03, San Francisco County, California",ACSSF,ca,140,0,9966,,,,,6,75,,,17903,,,,,,,,,,,,,,,,,,,,,,,,,,,,,,,,,,,14000US06075017903,Census Tract 179.03,,,,3185,3296.263,0.96624579
6075018000,"Census Tract 180, San Francisco County, California",ACSSF,ca,140,0,9967,,,,,6,75,,,18000,,,,,,,,,,,,,,,,,,,,,,,,,,,,,,,,,,,14000US06075018000,Census Tract 180,,,,3772,10465.32,0.360428697
6075020101,"Census Tract 201.01, San Francisco County, California",ACSSF,ca,140,0,9968,,,,,6,75,,,20101,,,,,,,,,,,,,,,,,,,,,,,,,,,,,,,,,,,14000US06075020101,Census Tract 201.01,,,,3550,30123.54,0.117848036
6075020102,"Census Tract 201.02, San Francisco County, California",ACSSF,ca,140,0,9969,,,,,6,75,,,20102,,,,,,,,,,,,,,,,,,,,,,,,,,,,,,,,,,,14000US06075020102,Census Tract 201.02,,,,2941,54313.59,0.054148513
6075020201,"Census Tract 202.01, San Francisco County, California",ACSSF,ca,140,0,9970,,,,,6,75,,,20201,,,,,,,,,,,,,,,,,,,,,,,,,,,,,,,,,,,14000US06075020201,Census Tract 202.01,,,,2168,39931.83,0.05429253
6075020202,"Census Tract 202.02, San Francisco County, California",ACSSF,ca,140,0,9971,,,,,6,75,,,20202,,,,,,,,,,,,,,,,,,,,,,,,,,,,,,,,,,,14000US06075020202,Census Tract 202.02,,,,4132,54124.27,0.076342825
6075020300,"Census Tract 203, San Francisco County, California",ACSSF,ca,140,0,9972,,,,,6,75,,,20300,,,,,,,,,,,,,,,,,,,,,,,,,,,,,,,,,,,14000US06075020300,Census Tract 203,,,,3521,31884.72,0.110429083
6075020401,"Census Tract 204.01, San Francisco County, California",ACSSF,ca,140,0,9973,,,,,6,75,,,20401,,,,,,,,,,,,,,,,,,,,,,,,,,,,,,,,,,,14000US06075020401,Census Tract 204.01,,,,3303,26103.7,0.126533791
6075020402,"Census Tract 204.02, San Francisco County, California",ACSSF,ca,140,0,9974,,,,,6,75,,,20402,,,,,,,,,,,,,,,,,,,,,,,,,,,,,,,,,,,14000US06075020402,Census Tract 204.02,,,,4419,19381.98,0.227995265
6075020500,"Census Tract 205, San Francisco County, California",ACSSF,ca,140,0,9975,,,,,6,75,,,20500,,,,,,,,,,,,,,,,,,,,,,,,,,,,,,,,,,,14000US06075020500,Census Tract 205,,,,2973,27808.4,0.106910148
6075020601,"Census Tract 206.01, San Francisco County, California",ACSSF,ca,140,0,9976,,,,,6,75,,,20601,,,,,,,,,,,,,,,,,,,,,,,,,,,,,,,,,,,14000US06075020601,Census Tract 206.01,,,,3132,25265.66,0.123962737
6075020602,"Census Tract 206.02, San Francisco County, California",ACSSF,ca,140,0,9977,,,,,6,75,,,20602,,,,,,,,,,,,,,,,,,,,,,,,,,,,,,,,,,,14000US06075020602,Census Tract 206.02,,,,2487,26156.08,0.095083066
6075020701,"Census Tract 207.01, San Francisco County, California",ACSSF,ca,140,0,9978,,,,,6,75,,,20701,,,,,,,,,,,,,,,,,,,,,,,,,,,,,,,,,,,14000US06075020701,Census Tract 207.01,,,,3073,38218.46,0.080406164
6075020702,"Census Tract 207.02, San Francisco County, California",ACSSF,ca,140,0,9979,,,,,6,75,,,20702,,,,,,,,,,,,,,,,,,,,,,,,,,,,,,,,,,,14000US06075020702,Census Tract 207.02,,,,2228,41557.99,0.053611831
6075020801,"Census Tract 208.01, San Francisco County, California",ACSSF,ca,140,0,9980,,,,,6,75,,,20801,,,,,,,,,,,,,,,,,,,,,,,,,,,,,,,,,,,14000US06075020801,Census Tract 208.01,,,,3629,45250.47,0.080198055
6075020802,"Census Tract 208.02, San Francisco County, California",ACSSF,ca,140,0,9981,,,,,6,75,,,20802,,,,,,,,,,,,,,,,,,,,,,,,,,,,,,,,,,,14000US06075020802,Census Tract 208.02,,,,2604,48735.63,0.053431136
6075020900,"Census Tract 209, San Francisco County, California",ACSSF,ca,140,0,9982,,,,,6,75,,,20900,,,,,,,,,,,,,,,,,,,,,,,,,,,,,,,,,,,14000US06075020900,Census Tract 209,,,,4402,36462.61,0.120726428
6075021000,"Census Tract 210, San Francisco County, California",ACSSF,ca,140,0,9983,,,,,6,75,,,21000,,,,,,,,,,,,,,,,,,,,,,,,,,,,,,,,,,,14000US06075021000,Census Tract 210,,,,4051,33649.48,0.120388203
6075021100,"Census Tract 211, San Francisco County, California",ACSSF,ca,140,0,9984,,,,,6,75,,,21100,,,,,,,,,,,,,,,,,,,,,,,,,,,,,,,,,,,14000US06075021100,Census Tract 211,,,,3960,24176.51,0.163795353
6075021200,"Census Tract 212, San Francisco County, California",ACSSF,ca,140,0,9985,,,,,6,75,,,21200,,,,,,,,,,,,,,,,,,,,,,,,,,,,,,,,,,,14000US06075021200,Census Tract 212,,,,3017,22597.32,0.133511429
6075021300,"Census Tract 213, San Francisco County, California",ACSSF,ca,140,0,9986,,,,,6,75,,,21300,,,,,,,,,,,,,,,,,,,,,,,,,,,,,,,,,,,14000US06075021300,Census Tract 213,,,,2692,22299.21,0.120721795
6075021400,"Census Tract 214, San Francisco County, California",ACSSF,ca,140,0,9987,,,,,6,75,,,21400,,,,,,,,,,,,,,,,,,,,,,,,,,,,,,,,,,,14000US06075021400,Census Tract 214,,,,3641,26598.63,0.136886735
6075021500,"Census Tract 215, San Francisco County, California",ACSSF,ca,140,0,9988,,,,,6,75,,,21500,,,,,,,,,,,,,,,,,,,,,,,,,,,,,,,,,,,14000US06075021500,Census Tract 215,,,,5622,30695.91,0.183151428
6075021600,"Census Tract 216, San Francisco County, California",ACSSF,ca,140,0,9989,,,,,6,75,,,21600,,,,,,,,,,,,,,,,,,,,,,,,,,,,,,,,,,,14000US06075021600,Census Tract 216,,,,4189,18145.4,0.23085744
6075021700,"Census Tract 217, San Francisco County, California",ACSSF,ca,140,0,9990,,,,,6,75,,,21700,,,,,,,,,,,,,,,,,,,,,,,,,,,,,,,,,,,14000US06075021700,Census Tract 217,,,,4512,9450.447,0.477437733
6075021800,"Census Tract 218, San Francisco County, California",ACSSF,ca,140,0,9991,,,,,6,75,,,21800,,,,,,,,,,,,,,,,,,,,,,,,,,,,,,,,,,,14000US06075021800,Census Tract 218,,,,4218,21641.98,0.194898973
6075022600,"Census Tract 226, San Francisco County, California",ACSSF,ca,140,0,9992,,,,,6,75,,,22600,,,,,,,,,,,,,,,,,,,,,,,,,,,,,,,,,,,14000US06075022600,Census Tract 226,,,,3570,6929.326,0.515201615
6075022702,"Census Tract 227.02, San Francisco County, California",ACSSF,ca,140,0,9993,,,,,6,75,,,22702,,,,,,,,,,,,,,,,,,,,,,,,,,,,,,,,,,,14000US06075022702,Census Tract 227.02,,,,2218,19438.21,0.114105162
6075022704,"Census Tract 227.04, San Francisco County, California",ACSSF,ca,140,0,9994,,,,,6,75,,,22704,,,,,,,,,,,,,,,,,,,,,,,,,,,,,,,,,,,14000US06075022704,Census Tract 227.04,,,,3565,16954.01,0.210274719
6075022801,"Census Tract 228.01, San Francisco County, California",ACSSF,ca,140,0,9995,,,,,6,75,,,22801,,,,,,,,,,,,,,,,,,,,,,,,,,,,,,,,,,,14000US06075022801,Census Tract 228.01,,,,5068,22707.21,0.223189065
6075022802,"Census Tract 228.02, San Francisco County, California",ACSSF,ca,140,0,9996,,,,,6,75,,,22802,,,,,,,,,,,,,,,,,,,,,,,,,,,,,,,,,,,14000US06075022802,Census Tract 228.02,,,,2384,21199.89,0.112453417
6075022803,"Census Tract 228.03, San Francisco County, California",ACSSF,ca,140,0,9997,,,,,6,75,,,22803,,,,,,,,,,,,,,,,,,,,,,,,,,,,,,,,,,,14000US06075022803,Census Tract 228.03,,,,4903,45018.12,0.108911702
6075022901,"Census Tract 229.01, San Francisco County, California",ACSSF,ca,140,0,9998,,,,,6,75,,,22901,,,,,,,,,,,,,,,,,,,,,,,,,,,,,,,,,,,14000US06075022901,Census Tract 229.01,,,,4573,47584.48,0.096102762
6075022902,"Census Tract 229.02, San Francisco County, California",ACSSF,ca,140,0,9999,,,,,6,75,,,22902,,,,,,,,,,,,,,,,,,,,,,,,,,,,,,,,,,,14000US06075022902,Census Tract 229.02,,,,2233,35737.11,0.062484073
6075022903,"Census Tract 229.03, San Francisco County, California",ACSSF,ca,140,0,10000,,,,,6,75,,,22903,,,,,,,,,,,,,,,,,,,,,,,,,,,,,,,,,,,14000US06075022903,Census Tract 229.03,,,,3090,25711.33,0.12018048
6075023001,"Census Tract 230.01, San Francisco County, California",ACSSF,ca,140,0,10001,,,,,6,75,,,23001,,,,,,,,,,,,,,,,,,,,,,,,,,,,,,,,,,,14000US06075023001,Census Tract 230.01,,,,5309,20638.46,0.257238257
6075023003,"Census Tract 230.03, San Francisco County, California",ACSSF,ca,140,0,10002,,,,,6,75,,,23003,,,,,,,,,,,,,,,,,,,,,,,,,,,,,,,,,,,14000US06075023003,Census Tract 230.03,,,,4195,26555.25,0.157972547
6075023102,"Census Tract 231.02, San Francisco County, California",ACSSF,ca,140,0,10003,,,,,6,75,,,23102,,,,,,,,,,,,,,,,,,,,,,,,,,,,,,,,,,,14000US06075023102,Census Tract 231.02,,,,3707,19704.32,0.188131374
6075023103,"Census Tract 231.03, San Francisco County, California",ACSSF,ca,140,0,10004,,,,,6,75,,,23103,,,,,,,,,,,,,,,,,,,,,,,,,,,,,,,,,,,14000US06075023103,Census Tract 231.03,,,,4064,7190.052,0.565225399
6075023200,"Census Tract 232, San Francisco County, California",ACSSF,ca,140,0,10005,,,,,6,75,,,23200,,,,,,,,,,,,,,,,,,,,,,,,,,,,,,,,,,,14000US06075023200,Census Tract 232,,,,3857,11662.35,0.330722382
6075023300,"Census Tract 233, San Francisco County, California",ACSSF,ca,140,0,10006,,,,,6,75,,,23300,,,,,,,,,,,,,,,,,,,,,,,,,,,,,,,,,,,14000US06075023300,Census Tract 233,,,,3930,16073.52,0.244501519
6075023400,"Census Tract 234, San Francisco County, California",ACSSF,ca,140,0,10007,,,,,6,75,,,23400,,,,,,,,,,,,,,,,,,,,,,,,,,,,,,,,,,,14000US06075023400,Census Tract 234,,,,4148,12519.34,0.331327404
6075025100,"Census Tract 251, San Francisco County, California",ACSSF,ca,140,0,10008,,,,,6,75,,,25100,,,,,,,,,,,,,,,,,,,,,,,,,,,,,,,,,,,14000US06075025100,Census Tract 251,,,,3384,15869.76,0.213235737
6075025200,"Census Tract 252, San Francisco County, California",ACSSF,ca,140,0,10009,,,,,6,75,,,25200,,,,,,,,,,,,,,,,,,,,,,,,,,,,,,,,,,,14000US06075025200,Census Tract 252,,,,5505,21699.91,0.253687662
6075025300,"Census Tract 253, San Francisco County, California",ACSSF,ca,140,0,10010,,,,,6,75,,,25300,,,,,,,,,,,,,,,,,,,,,,,,,,,,,,,,,,,14000US06075025300,Census Tract 253,,,,4441,28476.42,0.155953618
6075025401,"Census Tract 254.01, San Francisco County, California",ACSSF,ca,140,0,10011,,,,,6,75,,,25401,,,,,,,,,,,,,,,,,,,,,,,,,,,,,,,,,,,14000US06075025401,Census Tract 254.01,,,,3781,26923.71,0.140433855
6075025402,"Census Tract 254.02, San Francisco County, California",ACSSF,ca,140,0,10012,,,,,6,75,,,25402,,,,,,,,,,,,,,,,,,,,,,,,,,,,,,,,,,,14000US06075025402,Census Tract 254.02,,,,3522,30305.95,0.116214824
6075025403,"Census Tract 254.03, San Francisco County, California",ACSSF,ca,140,0,10013,,,,,6,75,,,25403,,,,,,,,,,,,,,,,,,,,,,,,,,,,,,,,,,,14000US06075025403,Census Tract 254.03,,,,4692,23563.11,0.199124861
6075025501,"Census Tract 255.01, San Francisco County, California",ACSSF,ca,140,0,10014,,,,,6,75,,,25501,,,,,,,,,,,,,,,,,,,,,,,,,,,,,,,,,,,14000US06075025501,Census Tract 255.01,,,,4443,21442.55,0.207204821
6075025502,"Census Tract 255.02, San Francisco County, California",ACSSF,ca,140,0,10015,,,,,6,75,,,25502,,,,,,,,,,,,,,,,,,,,,,,,,,,,,,,,,,,14000US06075025502,Census Tract 255.02,,,,4428,21226.58,0.208606372
6075025600,"Census Tract 256, San Francisco County, California",ACSSF,ca,140,0,10016,,,,,6,75,,,25600,,,,,,,,,,,,,,,,,,,,,,,,,,,,,,,,,,,14000US06075025600,Census Tract 256,,,,5158,23141.28,0.222891766
6075025701,"Census Tract 257.01, San Francisco County, California",ACSSF,ca,140,0,10017,,,,,6,75,,,25701,,,,,,,,,,,,,,,,,,,,,,,,,,,,,,,,,,,14000US06075025701,Census Tract 257.01,,,,5424,22935.67,0.236487582
6075025702,"Census Tract 257.02, San Francisco County, California",ACSSF,ca,140,0,10018,,,,,6,75,,,25702,,,,,,,,,,,,,,,,,,,,,,,,,,,,,,,,,,,14000US06075025702,Census Tract 257.02,,,,3979,19318.41,0.205969294
6075025800,"Census Tract 258, San Francisco County, California",ACSSF,ca,140,0,10019,,,,,6,75,,,25800,,,,,,,,,,,,,,,,,,,,,,,,,,,,,,,,,,,14000US06075025800,Census Tract 258,,,,2153,22222.93,0.096881916
6075025900,"Census Tract 259, San Francisco County, California",ACSSF,ca,140,0,10020,,,,,6,75,,,25900,,,,,,,,,,,,,,,,,,,,,,,,,,,,,,,,,,,14000US06075025900,Census Tract 259,,,,4409,16492.26,0.267337532
6075026001,"Census Tract 260.01, San Francisco County, California",ACSSF,ca,140,0,10021,,,,,6,75,,,26001,,,,,,,,,,,,,,,,,,,,,,,,,,,,,,,,,,,14000US06075026001,Census Tract 260.01,,,,6463,41098.3,0.157257099
6075026002,"Census Tract 260.02, San Francisco County, California",ACSSF,ca,140,0,10022,,,,,6,75,,,26002,,,,,,,,,,,,,,,,,,,,,,,,,,,,,,,,,,,14000US06075026002,Census Tract 260.02,,,,3660,26487.9,0.138176316
6075026003,"Census Tract 260.03, San Francisco County, California",ACSSF,ca,140,0,10023,,,,,6,75,,,26003,,,,,,,,,,,,,,,,,,,,,,,,,,,,,,,,,,,14000US06075026003,Census Tract 260.03,,,,5085,32324.47,0.157311154
6075026004,"Census Tract 260.04, San Francisco County, California",ACSSF,ca,140,0,10024,,,,,6,75,,,26004,,,,,,,,,,,,,,,,,,,,,,,,,,,,,,,,,,,14000US06075026004,Census Tract 260.04,,,,4107,31636.42,0.129818748
6075026100,"Census Tract 261, San Francisco County, California",ACSSF,ca,140,0,10025,,,,,6,75,,,26100,,,,,,,,,,,,,,,,,,,,,,,,,,,,,,,,,,,14000US06075026100,Census Tract 261,,,,7566,26085.78,0.290043043
6075026201,"Census Tract 262.01, San Francisco County, California",ACSSF,ca,140,0,10026,,,,,6,75,,,26201,,,,,,,,,,,,,,,,,,,,,,,,,,,,,,,,,,,14000US06075026201,Census Tract 262.01,,,,3825,22660.57,0.168795377
6075026202,"Census Tract 262.02, San Francisco County, California",ACSSF,ca,140,0,10027,,,,,6,75,,,26202,,,,,,,,,,,,,,,,,,,,,,,,,,,,,,,,,,,14000US06075026202,Census Tract 262.02,,,,3839,29476.44,0.1302396
6075026301,"Census Tract 263.01, San Francisco County, California",ACSSF,ca,140,0,10028,,,,,6,75,,,26301,,,,,,,,,,,,,,,,,,,,,,,,,,,,,,,,,,,14000US06075026301,Census Tract 263.01,,,,5724,40313.62,0.141986758
6075026302,"Census Tract 263.02, San Francisco County, California",ACSSF,ca,140,0,10029,,,,,6,75,,,26302,,,,,,,,,,,,,,,,,,,,,,,,,,,,,,,,,,,14000US06075026302,Census Tract 263.02,,,,5142,17737.97,0.289886671
6075026303,"Census Tract 263.03, San Francisco County, California",ACSSF,ca,140,0,10030,,,,,6,75,,,26303,,,,,,,,,,,,,,,,,,,,,,,,,,,,,,,,,,,14000US06075026303,Census Tract 263.03,,,,4818,29199.73,0.165001537
6075026401,"Census Tract 264.01, San Francisco County, California",ACSSF,ca,140,0,10031,,,,,6,75,,,26401,,,,,,,,,,,,,,,,,,,,,,,,,,,,,,,,,,,14000US06075026401,Census Tract 264.01,,,,3444,26154.82,0.131677444
6075026402,"Census Tract 264.02, San Francisco County, California",ACSSF,ca,140,0,10032,,,,,6,75,,,26402,,,,,,,,,,,,,,,,,,,,,,,,,,,,,,,,,,,14000US06075026402,Census Tract 264.02,,,,5056,32878.91,0.153776388
6075026403,"Census Tract 264.03, San Francisco County, California",ACSSF,ca,140,0,10033,,,,,6,75,,,26403,,,,,,,,,,,,,,,,,,,,,,,,,,,,,,,,,,,14000US06075026403,Census Tract 264.03,,,,3801,25940.76,0.146526162
6075026404,"Census Tract 264.04, San Francisco County, California",ACSSF,ca,140,0,10034,,,,,6,75,,,26404,,,,,,,,,,,,,,,,,,,,,,,,,,,,,,,,,,,14000US06075026404,Census Tract 264.04,,,,2760,37786.26,0.073042423
6075030101,"Census Tract 301.01, San Francisco County, California",ACSSF,ca,140,0,10035,,,,,6,75,,,30101,,,,,,,,,,,,,,,,,,,,,,,,,,,,,,,,,,,14000US06075030101,Census Tract 301.01,,,,5062,37466.87,0.135106031
6075030102,"Census Tract 301.02, San Francisco County, California",ACSSF,ca,140,0,10036,,,,,6,75,,,30102,,,,,,,,,,,,,,,,,,,,,,,,,,,,,,,,,,,14000US06075030102,Census Tract 301.02,,,,4731,9723.152,0.486570594
6075030201,"Census Tract 302.01, San Francisco County, California",ACSSF,ca,140,0,10037,,,,,6,75,,,30201,,,,,,,,,,,,,,,,,,,,,,,,,,,,,,,,,,,14000US06075030201,Census Tract 302.01,,,,4262,30581.2,0.139366669
6075030202,"Census Tract 302.02, San Francisco County, California",ACSSF,ca,140,0,10038,,,,,6,75,,,30202,,,,,,,,,,,,,,,,,,,,,,,,,,,,,,,,,,,14000US06075030202,Census Tract 302.02,,,,4013,29144.97,0.137690985
6075030301,"Census Tract 303.01, San Francisco County, California",ACSSF,ca,140,0,10039,,,,,6,75,,,30301,,,,,,,,,,,,,,,,,,,,,,,,,,,,,,,,,,,14000US06075030301,Census Tract 303.01,,,,6074,20869.99,0.291039958
6075030302,"Census Tract 303.02, San Francisco County, California",ACSSF,ca,140,0,10040,,,,,6,75,,,30302,,,,,,,,,,,,,,,,,,,,,,,,,,,,,,,,,,,14000US06075030302,Census Tract 303.02,,,,3928,17022.83,0.230748946
6075030400,"Census Tract 304, San Francisco County, California",ACSSF,ca,140,0,10041,,,,,6,75,,,30400,,,,,,,,,,,,,,,,,,,,,,,,,,,,,,,,,,,14000US06075030400,Census Tract 304,,,,5088,13552.34,0.3754334
6075030500,"Census Tract 305, San Francisco County, California",ACSSF,ca,140,0,10042,,,,,6,75,,,30500,,,,,,,,,,,,,,,,,,,,,,,,,,,,,,,,,,,14000US06075030500,Census Tract 305,,,,3676,8752.469,0.419995768
6075030600,"Census Tract 306, San Francisco County, California",ACSSF,ca,140,0,10043,,,,,6,75,,,30600,,,,,,,,,,,,,,,,,,,,,,,,,,,,,,,,,,,14000US06075030600,Census Tract 306,,,,2514,12482.56,0.201400933
6075030700,"Census Tract 307, San Francisco County, California",ACSSF,ca,140,0,10044,,,,,6,75,,,30700,,,,,,,,,,,,,,,,,,,,,,,,,,,,,,,,,,,14000US06075030700,Census Tract 307,,,,6959,12630.63,0.550962398
6075030800,"Census Tract 308, San Francisco County, California",ACSSF,ca,140,0,10045,,,,,6,75,,,30800,,,,,,,,,,,,,,,,,,,,,,,,,,,,,,,,,,,14000US06075030800,Census Tract 308,,,,6041,12588.27,0.479891027
6075030900,"Census Tract 309, San Francisco County, California",ACSSF,ca,140,0,10046,,,,,6,75,,,30900,,,,,,,,,,,,,,,,,,,,,,,,,,,,,,,,,,,14000US06075030900,Census Tract 309,,,,6767,9315.825,0.726398346
6075031000,"Census Tract 310, San Francisco County, California",ACSSF,ca,140,0,10047,,,,,6,75,,,31000,,,,,,,,,,,,,,,,,,,,,,,,,,,,,,,,,,,14000US06075031000,Census Tract 310,,,,4089,12933.59,0.316153588
6075031100,"Census Tract 311, San Francisco County, California",ACSSF,ca,140,0,10048,,,,,6,75,,,31100,,,,,,,,,,,,,,,,,,,,,,,,,,,,,,,,,,,14000US06075031100,Census Tract 311,,,,6295,15209.5,0.413886088
6075031201,"Census Tract 312.01, San Francisco County, California",ACSSF,ca,140,0,10049,,,,,6,75,,,31201,,,,,,,,,,,,,,,,,,,,,,,,,,,,,,,,,,,14000US06075031201,Census Tract 312.01,,,,6522,32937.06,0.198014045
6075031202,"Census Tract 312.02, San Francisco County, California",ACSSF,ca,140,0,10050,,,,,6,75,,,31202,,,,,,,,,,,,,,,,,,,,,,,,,,,,,,,,,,,14000US06075031202,Census Tract 312.02,,,,3239,27111.92,0.119467735
6075031301,"Census Tract 313.01, San Francisco County, California",ACSSF,ca,140,0,10051,,,,,6,75,,,31301,,,,,,,,,,,,,,,,,,,,,,,,,,,,,,,,,,,14000US06075031301,Census Tract 313.01,,,,3866,22172.43,0.174360653
6075031302,"Census Tract 313.02, San Francisco County, California",ACSSF,ca,140,0,10052,,,,,6,75,,,31302,,,,,,,,,,,,,,,,,,,,,,,,,,,,,,,,,,,14000US06075031302,Census Tract 313.02,,,,5503,20782.29,0.264792733
6075031401,"Census Tract 314.01, San Francisco County, California",ACSSF,ca,140,0,10053,,,,,6,75,,,31401,,,,,,,,,,,,,,,,,,,,,,,,,,,,,,,,,,,14000US06075031401,Census Tract 314.01,,,,2378,18710.61,0.127093639
6075031402,"Census Tract 314.02, San Francisco County, California",ACSSF,ca,140,0,10054,,,,,6,75,,,31402,,,,,,,,,,,,,,,,,,,,,,,,,,,,,,,,,,,14000US06075031402,Census Tract 314.02,,,,4788,28096.17,0.170414689
6075032601,"Census Tract 326.01, San Francisco County, California",ACSSF,ca,140,0,10055,,,,,6,75,,,32601,,,,,,,,,,,,,,,,,,,,,,,,,,,,,,,,,,,14000US06075032601,Census Tract 326.01,,,,4874,30223,0.161267929
6075032602,"Census Tract 326.02, San Francisco County, California",ACSSF,ca,140,0,10056,,,,,6,75,,,32602,,,,,,,,,,,,,,,,,,,,,,,,,,,,,,,,,,,14000US06075032602,Census Tract 326.02,,,,4505,24714.04,0.182285014
6075032700,"Census Tract 327, San Francisco County, California",ACSSF,ca,140,0,10057,,,,,6,75,,,32700,,,,,,,,,,,,,,,,,,,,,,,,,,,,,,,,,,,14000US06075032700,Census Tract 327,,,,6932,21254.47,0.32614321
6075032801,"Census Tract 328.01, San Francisco County, California",ACSSF,ca,140,0,10058,,,,,6,75,,,32801,,,,,,,,,,,,,,,,,,,,,,,,,,,,,,,,,,,14000US06075032801,Census Tract 328.01,,,,4042,17884.11,0.2260107
6075032802,"Census Tract 328.02, San Francisco County, California",ACSSF,ca,140,0,10059,,,,,6,75,,,32802,,,,,,,,,,,,,,,,,,,,,,,,,,,,,,,,,,,14000US06075032802,Census Tract 328.02,,,,4624,21818.37,0.211931484
6075032901,"Census Tract 329.01, San Francisco County, California",ACSSF,ca,140,0,10060,,,,,6,75,,,32901,,,,,,,,,,,,,,,,,,,,,,,,,,,,,,,,,,,14000US06075032901,Census Tract 329.01,,,,5360,20661.31,0.259422051
6075032902,"Census Tract 329.02, San Francisco County, California",ACSSF,ca,140,0,10061,,,,,6,75,,,32902,,,,,,,,,,,,,,,,,,,,,,,,,,,,,,,,,,,14000US06075032902,Census Tract 329.02,,,,4103,21059.69,0.194827158
6075033001,"Census Tract 330.01, San Francisco County, California",ACSSF,ca,140,0,10062,,,,,6,75,,,33001,,,,,,,,,,,,,,,,,,,,,,,,,,,,,,,,,,,14000US06075033001,Census Tract 330.01,,,,4200,18887.23,0.222372459
6075033002,"Census Tract 330.02, San Francisco County, California",ACSSF,ca,140,0,10063,,,,,6,75,,,33002,,,,,,,,,,,,,,,,,,,,,,,,,,,,,,,,,,,14000US06075033002,Census Tract 330.02,,,,4227,11753.27,0.359644523
6075033100,"Census Tract 331, San Francisco County, California",ACSSF,ca,140,0,10064,,,,,6,75,,,33100,,,,,,,,,,,,,,,,,,,,,,,,,,,,,,,,,,,14000US06075033100,Census Tract 331,,,,3948,11462.35,0.344432098
6075033201,"Census Tract 332.01, San Francisco County, California",ACSSF,ca,140,0,10065,,,,,6,75,,,33201,,,,,,,,,,,,,,,,,,,,,,,,,,,,,,,,,,,14000US06075033201,Census Tract 332.01,,,,4262,11819.46,0.360591632
6075033203,"Census Tract 332.03, San Francisco County, California",ACSSF,ca,140,0,10066,,,,,6,75,,,33203,,,,,,,,,,,,,,,,,,,,,,,,,,,,,,,,,,,14000US06075033203,Census Tract 332.03,,,,3320,19703.44,0.168498464
6075033204,"Census Tract 332.04, San Francisco County, California",ACSSF,ca,140,0,10067,,,,,6,75,,,33204,,,,,,,,,,,,,,,,,,,,,,,,,,,,,,,,,,,14000US06075033204,Census Tract 332.04,,,,4402,29391.7,0.149770192
6075035101,"Census Tract 351.01, San Francisco County, California",ACSSF,ca,140,0,10068,,,,,6,75,,,35101,,,,,,,,,,,,,,,,,,,,,,,,,,,,,,,,,,,14000US06075035101,Census Tract 351.01,,,,4035,27329.12,0.1476447
6075035102,"Census Tract 351.02, San Francisco County, California",ACSSF,ca,140,0,10069,,,,,6,75,,,35102,,,,,,,,,,,,,,,,,,,,,,,,,,,,,,,,,,,14000US06075035102,Census Tract 351.02,,,,4760,22691.8,0.209767381
6075035201,"Census Tract 352.01, San Francisco County, California",ACSSF,ca,140,0,10070,,,,,6,75,,,35201,,,,,,,,,,,,,,,,,,,,,,,,,,,,,,,,,,,14000US06075035201,Census Tract 352.01,,,,5497,15149.87,0.362841449
6075035202,"Census Tract 352.02, San Francisco County, California",ACSSF,ca,140,0,10071,,,,,6,75,,,35202,,,,,,,,,,,,,,,,,,,,,,,,,,,,,,,,,,,14000US06075035202,Census Tract 352.02,,,,4796,33323.45,0.143922675
6075035300,"Census Tract 353, San Francisco County, California",ACSSF,ca,140,0,10072,,,,,6,75,,,35300,,,,,,,,,,,,,,,,,,,,,,,,,,,,,,,,,,,14000US06075035300,Census Tract 353,,,,7537,17393.57,0.433320927
6075035400,"Census Tract 354, San Francisco County, California",ACSSF,ca,140,0,10073,,,,,6,75,,,35400,,,,,,,,,,,,,,,,,,,,,,,,,,,,,,,,,,,14000US06075035400,Census Tract 354,,,,7769,19520.37,0.397994508
6075040100,"Census Tract 401, San Francisco County, California",ACSSF,ca,140,0,10074,,,,,6,75,,,40100,,,,,,,,,,,,,,,,,,,,,,,,,,,,,,,,,,,14000US06075040100,Census Tract 401,,,,4342,26831.25,0.161826232
6075040200,"Census Tract 402, San Francisco County, California",ACSSF,ca,140,0,10075,,,,,6,75,,,40200,,,,,,,,,,,,,,,,,,,,,,,,,,,,,,,,,,,14000US06075040200,Census Tract 402,,,,5460,26607.96,0.205201723
6075042601,"Census Tract 426.01, San Francisco County, California",ACSSF,ca,140,0,10076,,,,,6,75,,,42601,,,,,,,,,,,,,,,,,,,,,,,,,,,,,,,,,,,14000US06075042601,Census Tract 426.01,,,,4261,37648.23,0.113179289
6075042602,"Census Tract 426.02, San Francisco County, California",ACSSF,ca,140,0,10077,,,,,6,75,,,42602,,,,,,,,,,,,,,,,,,,,,,,,,,,,,,,,,,,14000US06075042602,Census Tract 426.02,,,,2615,20396.55,0.12820793
6075042700,"Census Tract 427, San Francisco County, California",ACSSF,ca,140,0,10078,,,,,6,75,,,42700,,,,,,,,,,,,,,,,,,,,,,,,,,,,,,,,,,,14000US06075042700,Census Tract 427,,,,5361,33915.64,0.158068686
6075042800,"Census Tract 428, San Francisco County, California",ACSSF,ca,140,0,10079,,,,,6,75,,,42800,,,,,,,,,,,,,,,,,,,,,,,,,,,,,,,,,,,14000US06075042800,Census Tract 428,,,,2501,11434.55,0.218723021
6075045100,"Census Tract 451, San Francisco County, California",ACSSF,ca,140,0,10080,,,,,6,75,,,45100,,,,,,,,,,,,,,,,,,,,,,,,,,,,,,,,,,,14000US06075045100,Census Tract 451,,,,5209,35091.51,0.148440456
6075045201,"Census Tract 452.01, San Francisco County, California",ACSSF,ca,140,0,10081,,,,,6,75,,,45201,,,,,,,,,,,,,,,,,,,,,,,,,,,,,,,,,,,14000US06075045201,Census Tract 452.01,,,,3360,24587.94,0.136652371
6075045202,"Census Tract 452.02, San Francisco County, California",ACSSF,ca,140,0,10082,,,,,6,75,,,45202,,,,,,,,,,,,,,,,,,,,,,,,,,,,,,,,,,,14000US06075045202,Census Tract 452.02,,,,3396,36910.39,0.092006604
6075047600,"Census Tract 476, San Francisco County, California",ACSSF,ca,140,0,10083,,,,,6,75,,,47600,,,,,,,,,,,,,,,,,,,,,,,,,,,,,,,,,,,14000US06075047600,Census Tract 476,,,,5145,25086.91,0.205087051
6075047701,"Census Tract 477.01, San Francisco County, California",ACSSF,ca,140,0,10084,,,,,6,75,,,47701,,,,,,,,,,,,,,,,,,,,,,,,,,,,,,,,,,,14000US06075047701,Census Tract 477.01,,,,4978,35349.52,0.140822274
6075047702,"Census Tract 477.02, San Francisco County, California",ACSSF,ca,140,0,10085,,,,,6,75,,,47702,,,,,,,,,,,,,,,,,,,,,,,,,,,,,,,,,,,14000US06075047702,Census Tract 477.02,,,,3541,25996.35,0.136211442
6075047801,"Census Tract 478.01, San Francisco County, California",ACSSF,ca,140,0,10086,,,,,6,75,,,47801,,,,,,,,,,,,,,,,,,,,,,,,,,,,,,,,,,,14000US06075047801,Census Tract 478.01,,,,4550,24725.76,0.184018613
6075047802,"Census Tract 478.02, San Francisco County, California",ACSSF,ca,140,0,10087,,,,,6,75,,,47802,,,,,,,,,,,,,,,,,,,,,,,,,,,,,,,,,,,14000US06075047802,Census Tract 478.02,,,,3781,28849.11,0.131061225
6075047902,"Census Tract 479.02, San Francisco County, California",ACSSF,ca,140,0,10088,,,,,6,75,,,47902,,,,,,,,,,,,,,,,,,,,,,,,,,,,,,,,,,,14000US06075047902,Census Tract 479.02,,,,3610,22753.42,0.158657492
6075047903,"Census Tract 479.03, San Francisco County, California",ACSSF,ca,140,0,10089,,,,,6,75,,,47903,,,,,,,,,,,,,,,,,,,,,,,,,,,,,,,,,,,14000US06075047903,Census Tract 479.03,,,,4283,28288.66,0.151403404
6075047904,"Census Tract 479.04, San Francisco County, California",ACSSF,ca,140,0,10090,,,,,6,75,,,47904,,,,,,,,,,,,,,,,,,,,,,,,,,,,,,,,,,,14000US06075047904,Census Tract 479.04,,,,3111,10403.57,0.299031887
6075060100,"Census Tract 601, San Francisco County, California",ACSSF,ca,140,0,10091,,,,,6,75,,,60100,,,,,,,,,,,,,,,,,,,,,,,,,,,,,,,,,,,14000US06075060100,Census Tract 601,,,,4231,1795.841,2.355999719
6075060400,"Census Tract 604, San Francisco County, California",ACSSF,ca,140,0,10092,,,,,6,75,,,60400,,,,,,,,,,,,,,,,,,,,,,,,,,,,,,,,,,,14000US06075060400,Census Tract 604,,,,1595,933.6349,1.708376641
6075060502,"Census Tract 605.02, San Francisco County, California",ACSSF,ca,140,0,10093,,,,,6,75,,,60502,,,,,,,,,,,,,,,,,,,,,,,,,,,,,,,,,,,14000US06075060502,Census Tract 605.02,,,,3539,26276.17,0.134684794
6075060701,"Census Tract 607.01, San Francisco County, California",ACSSF,ca,140,0,10094,,,,,6,75,,,60701,,,,,,,,,,,,,,,,,,,,,,,,,,,,,,,,,,,14000US06075060701,Census Tract 607.01,,,,7621,15271.33,0.499039764
6075060702,"Census Tract 607.02, San Francisco County, California",ACSSF,ca,140,0,10095,,,,,6,75,,,60702,,,,,,,,,,,,,,,,,,,,,,,,,,,,,,,,,,,14000US06075060702,Census Tract 607.02,,,,1488,7026.219,0.211778201
6075060703,"Census Tract 607.03, San Francisco County, California",ACSSF,ca,140,0,10096,,,,,6,75,,,60703,,,,,,,,,,,,,,,,,,,,,,,,,,,,,,,,,,,14000US06075060703,Census Tract 607.03,,,,5787,43231.96,0.133859307
6075061000,"Census Tract 610, San Francisco County, California",ACSSF,ca,140,0,10097,,,,,6,75,,,61000,,,,,,,,,,,,,,,,,,,,,,,,,,,,,,,,,,,14000US06075061000,Census Tract 610,,,,4825,5742.485,0.840228603
6075061101,"Census Tract 611.01, San Francisco County, California",ACSSF,ca,140,0,10098,,,,,6,75,,,61101,,,,,,,,,,,,,,,,,,,,,,,,,,,,,,,,,,,14000US06075061101,Census Tract 611.01,,,,1856,24342.04,0.076246685
6075061102,"Census Tract 611.02, San Francisco County, California",ACSSF,ca,140,0,10099,,,,,6,75,,,61102,,,,,,,,,,,,,,,,,,,,,,,,,,,,,,,,,,,14000US06075061102,Census Tract 611.02,,,,2341,143059.8,0.016363782
6075061200,"Census Tract 612, San Francisco County, California",ACSSF,ca,140,0,10100,,,,,6,75,,,61200,,,,,,,,,,,,,,,,,,,,,,,,,,,,,,,,,,,14000US06075061200,Census Tract 612,,,,3952,23532.52,0.167937844
6075061401,"Census Tract 614.01, San Francisco County, California",ACSSF,ca,140,0,10101,,,,,6,75,,,61401,,,,,,,,,,,,,,,,,,,,,,,,,,,,,,,,,,,14000US06075061401,Census Tract 614.01,,,,3199,20022.12,0.159773327
6075061402,"Census Tract 614.02, San Francisco County, California",ACSSF,ca,140,0,10102,,,,,6,75,,,61402,,,,,,,,,,,,,,,,,,,,,,,,,,,,,,,,,,,14000US06075061402,Census Tract 614.02,,,,2537,16687.7,0.152028118
6075061501,"Census Tract 615.01, San Francisco County, California",ACSSF,ca,140,0,10103,,,,,6,75,,,61501,,,,,,,,,,,,,,,,,,,,,,,,,,,,,,,,,,,14000US06075061501,Census Tract 615.01,,,,1837,11427.37,0.160754413
6075061502,"Census Tract 615.02, San Francisco County, California",ACSSF,ca,140,0,10104,,,,,6,75,,,61502,,,,,,,,,,,,,,,,,,,,,,,,,,,,,,,,,,,14000US06075061502,Census Tract 615.02,,,,1774,21339.25,0.083133204
6075061503,"Census Tract 615.03, San Francisco County, California",ACSSF,ca,140,0,10105,,,,,6,75,,,61503,,,,,,,,,,,,,,,,,,,,,,,,,,,,,,,,,,,14000US06075061503,Census Tract 615.03,,,,3400,37493.87,0.090681501
6075061504,"Census Tract 615.04, San Francisco County, California",ACSSF,ca,140,0,10106,,,,,6,75,,,61504,,,,,,,,,,,,,,,,,,,,,,,,,,,,,,,,,,,14000US06075061504,Census Tract 615.04,,,,1443,39198.61,0.036812526
6075061505,"Census Tract 615.05, San Francisco County, California",ACSSF,ca,140,0,10107,,,,,6,75,,,61505,,,,,,,,,,,,,,,,,,,,,,,,,,,,,,,,,,,14000US06075061505,Census Tract 615.05,,,,776,94433.62,0.008217413
6075061506,"Census Tract 615.06, San Francisco County, California",ACSSF,ca,140,0,10108,,,,,6,75,,,61506,,,,,,,,,,,,,,,,,,,,,,,,,,,,,,,,,,,14000US06075061506,Census Tract 615.06,,,,4422,101447.6,0.043589005
6075061507,"Census Tract 615.07, San Francisco County, California",ACSSF,ca,140,0,10109,,,,,6,75,,,61507,,,,,,,,,,,,,,,,,,,,,,,,,,,,,,,,,,,14000US06075061507,Census Tract 615.07,,,,1940,14921.32,0.130015274
6075061508,"Census Tract 615.08, San Francisco County, California",ACSSF,ca,140,0,10110,,,,,6,75,,,61508,,,,,,,,,,,,,,,,,,,,,,,,,,,,,,,,,,,14000US06075061508,Census Tract 615.08,,,,2006,22793.05,0.088009288
6075980200,"Census Tract 9802, San Francisco County, California",ACSSF,ca,140,0,10111,,,,,6,75,,,980200,,,,,,,,,,,,,,,,,,,,,,,,,,,,,,,,,,,14000US06075980200,Census Tract 9802,,,,171,443.6541,0.385435377
6075980300,"Census Tract 9803, San Francisco County, California",ACSSF,ca,140,0,10112,,,,,6,75,,,980300,,,,,,,,,,,,,,,,,,,,,,,,,,,,,,,,,,,14000US06075980300,Census Tract 9803,,,,25,14.92787,1.674720115
6075980401,"Census Tract 9804.01, San Francisco County, California",ACSSF,ca,140,0,10113,,,,,6,75,,,980401,,,,,,,,,,,,,,,,,,,,,,,,,,,,,,,,,,,14000US06075980401,Census Tract 9804.01,,,,0,0,0.161901522
6075980501,"Census Tract 9805.01, San Francisco County, California",ACSSF,ca,140,0,10114,,,,,6,75,,,980501,,,,,,,,,,,,,,,,,,,,,,,,,,,,,,,,,,,14000US06075980501,Census Tract 9805.01,,,,104,183.046,0.56816325
6075980600,"Census Tract 9806, San Francisco County, California",ACSSF,ca,140,0,10115,,,,,6,75,,,980600,,,,,,,,,,,,,,,,,,,,,,,,,,,,,,,,,,,14000US06075980600,Census Tract 9806,,,,970,1178.207,0.823284896
6075980900,"Census Tract 9809, San Francisco County, California",ACSSF,ca,140,0,10116,,,,,6,75,,,980900,,,,,,,,,,,,,,,,,,,,,,,,,,,,,,,,,,,14000US06075980900,Census Tract 9809,,,,296,212.8189,1.390853934
6075990100,"Census Tract 9901, San Francisco County, California",ACSSF,ca,140,0,10117,,,,,6,75,,,990100,,,,,,,,,,,,,,,,,,,,,,,,,,,,,,,,,,,14000US06075990100,Census Tract 9901,,,,0,,0
6075990200,"Census Tract 9902, San Francisco County, California",ACSSF,ca,140,0,10118,,,,,6,75,,,990200,,,,,,,,,,,,,,,,,,,,,,,,,,,,,,,,,,,14000US06075990200,Census Tract 9902,,,,0,,0